{"cameraMode":{"drawMode":0,"name":"Shaded","section":"Shading Mode"},"sceneLighting":false,"audioPlay":false,"sceneViewState":{"m_AlwaysRefresh":false,"showFog":true,"showSkybox":true,"showFlares":true,"showImageEffects":true,"showParticleSystems":true,"showVisualEffectGraphs":true,"m_FxEnabled":true},"in2DMode":false,"pivot":{"x":681.26806640625,"y":287.077392578125,"z":-554.8353881835938},"rotation":{"x":0.0023981714621186258,"y":-0.0029994677752256395,"z":0.000006765846592315938,"w":0.9999910593032837},"size":40.78816604614258,"orthographic":false}