{"cameraMode":{"drawMode":0,"name":"Shaded","section":"Shading Mode"},"sceneLighting":false,"audioPlay":false,"sceneViewState":{"m_AlwaysRefresh":false,"showFog":true,"showSkybox":true,"showFlares":true,"showImageEffects":true,"showParticleSystems":true,"showVisualEffectGraphs":true,"m_FxEnabled":true},"in2DMode":false,"pivot":{"x":629.6428833007813,"y":174.95297241210938,"z":266.98907470703127},"rotation":{"x":0.10712307691574097,"y":-0.03578495234251022,"z":0.003858337178826332,"w":0.9935961961746216},"size":479.0146789550781,"orthographic":false}