{"cameraMode":{"drawMode":0,"name":"Shaded","section":"Shading Mode"},"sceneLighting":false,"audioPlay":false,"sceneViewState":{"m_AlwaysRefresh":false,"showFog":true,"showSkybox":true,"showFlares":true,"showImageEffects":true,"showParticleSystems":true,"showVisualEffectGraphs":true,"m_FxEnabled":true},"in2DMode":false,"pivot":{"x":-0.547630786895752,"y":-0.20988118648529054,"z":-1.2256319522857667},"rotation":{"x":-0.011525988578796387,"y":0.9869830012321472,"z":-0.13738670945167542,"w":-0.08280270546674729},"size":2.1618683338165285,"orthographic":false}