{"cameraMode":{"drawMode":0,"name":"Shaded","section":"Shading Mode"},"sceneLighting":false,"audioPlay":false,"sceneViewState":{"m_AlwaysRefresh":false,"showFog":true,"showSkybox":false,"showFlares":true,"showImageEffects":true,"showParticleSystems":true,"showVisualEffectGraphs":true,"m_FxEnabled":true},"in2DMode":false,"pivot":{"x":-0.13124734163284303,"y":-0.09710952639579773,"z":0.06145036220550537},"rotation":{"x":-0.02354777231812477,"y":0.9757263660430908,"z":-0.17182256281375886,"w":-0.13372063636779786},"size":0.7088723182678223,"orthographic":false}